model,horizon,evaluation_protocol,mse_mean,mse_std,mae_mean,mae_std,runs,train_windows,test_windows
lstm,90,fixed_holdout,184773.7375,43647.35032203639,348.11510009765624,41.61095860255863,5,392,1
transformer,90,fixed_holdout,175509.940625,31397.135810933072,336.5610107421875,28.685632223200162,5,392,1
pvg_itransformer,90,fixed_holdout,115742.7484375,5026.536646515634,273.2333068847656,5.856043626909527,5,392,1
lstm,365,fixed_holdout,161242.075,5814.770569699807,319.0222595214844,10.219108329473267,5,117,1
transformer,365,fixed_holdout,154158.503125,9028.588487647026,300.25181274414064,8.185167182063687,5,117,1
pvg_itransformer,365,fixed_holdout,149700.865625,3660.1224325178696,297.6142517089844,2.928990828205377,5,117,1
